Workbook

Sheet Hướng dẫn
A1: CHIA TIỀN ĐIỆN NHÀ TRỌ THEO HÓA ĐƠN – BẢN MIỄN PHÍ
A3: Vì sao cần:
A4: Thu tiền điện của người thuê cao hơn giá quy định có thể bị phạt 20–30 triệu đồng và buộc hoàn trả (Nghị định 133/2026/NĐ-CP).
A5: Thông tư 60/2025/TT-BCT (điểm c khoản 5 Điều 12) quy định tổng tiền điện chủ nhà thu không vượt hóa đơn tháng; mốc áp dụng điểm này các nguồn chưa thống nhất – hỏi điện lực nơi bạn ở.
A6: Bảng này chia hóa đơn điện lực cho từng phòng, làm tròn XUỐNG 100 đ. Nhập chỉ số đúng thì tổng thu không vượt hóa đơn; ô KIỂM TRA báo đỏ khi vượt.
A8: Mỗi tháng làm 3 bước (ô nền vàng là ô bạn nhập):
A9: 1. Tab 'Cài đặt': tên nhà trọ (làm một lần).
A10: 2. Tab 'Tính tiền': nhập số tiền và số kWh trên hóa đơn điện lực, chỉ số điện cũ/mới từng phòng.
A14: Ô kiểm tra phía trên phải XANH. Nếu ĐỎ: đọc dòng cảnh báo và sửa. Còn lỗi thì giấy báo tháng đó để trống.
A15: Công tơ quay vòng về 0: ghi Điện cũ = 0 và Điện mới = số kWh phòng đã dùng tháng đó.
A16: Bảng đã khóa cấu trúc (không chèn, xóa, sắp xếp dòng) để công thức không vỡ; mọi ô nền vàng vẫn sửa được. Phòng trống: xóa tên người thuê và tên phòng.
A17: Xong thì sang tab 'Giấy báo': mỗi phòng một đoạn ghi rõ cách tính, chép gửi Zalo cho người thuê.
... A32: • Giấy báo tổng tiền từng phòng gồm tất cả các khoản.

Sheet Tính tiền
A1: TÍNH TIỀN THÁNG
A3: Tháng | B3: 10/2026
A4: Hóa đơn điện lực: số tiền phải trả (đã gồm thuế) | B4: 1980000
A5: Hóa đơn điện lực: số kWh (công tơ tổng) | B5: 700
A6: Đơn giá bình quân hóa đơn (đ/kWh) | B6: =IF(AND(N(B5)>0,N(B4)>0),N(B4)/N(B5),0)
A7: Tổng kWh các phòng | B7: =SUM(E12:E41)
A8: Tổng tiền điện thu của các phòng | B8: =SUM(F12:F41)
A9: KIỂM TRA | B9: =IF(OR(ISTEXT(B4),ISTEXT(B5)),"LỖI: ô hóa đơn phải là số (không gõ dấu chấm) – vd 1980000",IF(OR(N(B4)<0,N(B5)<0),"LỖI: số trên hóa đơn không được âm",IF(N(B4)<=0,"Nhập số tiền và kWh trên hóa đơn điện lực",IF(B10="","LỖI: chọn cách chia điện ở ô B10",IF(SUMPRODUCT((A12:A41<>"")*(D12:D41<>"")*(C12:C41=""))>0,"LỖI: có phòng thiếu chỉ số điện cũ (tháng trước chưa nhập?) – nhập chỉ số cũ",IF(SUMPRODUCT((A12:A41<>"")*(D12:D41=""))>0,"LỖI: có phòng đang thuê chưa nhập chỉ số điện mới",IF(SUMPRODUCT(ISTEXT(C12:D41)*(C12:D41<>""))>0,"LỖI: có ô chỉ số điện không phải số (gõ chữ hoặc dấu chấm) – chỉ gõ số",IF(SUMPRODUCT((C12:C41<>"")*(D12:D41<>"")*(D12:D41<C12:C41))>0,"LỖI: có phòng chỉ số điện mới nhỏ hơn chỉ số cũ – kiểm tra lại",IF(B8>B4,"VƯỢT HÓA ĐƠN: đang thu "&TEXT(B8-B4,"#,##0")&" đ nhiều hơn hóa đơn – không được thu",IF(B7>B5,"VƯỢT: tổng kWh các phòng lớn hơn kWh trên hóa đơn – kiểm tra chỉ số hoặc công tơ","ĐÚNG: tổng tiền điện thu "&TEXT(B8,"#,##0")&" đ ≤ hóa đơn "&TEXT(B4,"#,##0")&" đ"))))))))))
A10: Cách chia điện tháng này | B10: Giá bình quân hóa đơn (khuyên dùng)
A11: Phòng | B11: Người thuê | C11: Điện cũ | D11: Điện mới | E11: kWh | F11: Tiền điện | G11: Giấy báo (tự tạo)
A12: P101 | B12: Anh Nam | C12: 1200 | D12: 1420 | E12: =IF(OR(C12="",D12=""),0,IFERROR(MAX(0,D12-C12),0)) | F12: =IF(OR(E12=0,NOT(OR(A12<>"",B12<>""))),0,IF($B$10="Chia hết hóa đơn theo tỷ lệ dùng",IF($B$7>0,ROUNDDOWN(N($B$4)*E12/$B$7,-2),0),ROUNDDOWN(E12*$B$6,-2))) | G12: =IF(OR(A12="",$B$4<=0,LEFT($B$9,4)<>"ĐÚNG"),"","Phòng "&A12&" – tháng "&$B$3&CHAR(10)&"Điện: "&TEXT(C12,"#,##0")&" → "&TEXT(D12,"#,##0")&" = "&E12&" kWh → "&TEXT(F12,"#,##0")&" đ"&CHAR(10)&IF($B$10="Chia hết hóa đơn theo tỷ lệ dùng","(Chia hóa đơn điện lực "&TEXT($B$4,"#,##0")&" đ theo tỷ lệ: phòng dùng "&E12&" / tổng các phòng "&TEXT($B$7,"#,##0")&" kWh; làm tròn xuống 100 đ)","(Hóa đơn điện lực tháng: "&TEXT($B$4,"#,##0")&" đ / "&TEXT($B$5,"#,##0")&" kWh = "&TEXT($B$6,"#,##0")&" đ/kWh bình quân; làm tròn xuống 100 đ)"))
A13: P102 | B13: Chị Hoa | C13: 850 | D13: 990 | E13: =IF(OR(C13="",D13=""),0,IFERROR(MAX(0,D13-C13),0)) | F13: =IF(OR(E13=0,NOT(OR(A13<>"",B13<>""))),0,IF($B$10="Chia hết hóa đơn theo tỷ lệ dùng",IF($B$7>0,ROUNDDOWN(N($B$4)*E13/$B$7,-2),0),ROUNDDOWN(E13*$B$6,-2))) | G13: =IF(OR(A13="",$B$4<=0,LEFT($B$9,4)<>"ĐÚNG"),"","Phòng "&A13&" – tháng "&$B$3&CHAR(10)&"Điện: "&TEXT(C13,"#,##0")&" → "&TEXT(D13,"#,##0")&" = "&E13&" kWh → "&TEXT(F13,"#,##0")&" đ"&CHAR(10)&IF($B$10="Chia hết hóa đơn theo tỷ lệ dùng","(Chia hóa đơn điện lực "&TEXT($B$4,"#,##0")&" đ theo tỷ lệ: phòng dùng "&E13&" / tổng các phòng "&TEXT($B$7,"#,##0")&" kWh; làm tròn xuống 100 đ)","(Hóa đơn điện lực tháng: "&TEXT($B$4,"#,##0")&" đ / "&TEXT($B$5,"#,##0")&" kWh = "&TEXT($B$6,"#,##0")&" đ/kWh bình quân; làm tròn xuống 100 đ)"))
A14: P103 | B14: Bạn Tuấn | C14: 3010 | D14: 3305 | E14: =IF(OR(C14="",D14=""),0,IFERROR(MAX(0,D14-C14),0)) | F14: =IF(OR(E14=0,NOT(OR(A14<>"",B14<>""))),0,IF($B$10="Chia hết hóa đơn theo tỷ lệ dùng",IF($B$7>0,ROUNDDOWN(N($B$4)*E14/$B$7,-2),0),ROUNDDOWN(E14*$B$6,-2))) | G14: =IF(OR(A14="",$B$4<=0,LEFT($B$9,4)<>"ĐÚNG"),"","Phòng "&A14&" – tháng "&$B$3&CHAR(10)&"Điện: "&TEXT(C14,"#,##0")&" → "&TEXT(D14,"#,##0")&" = "&E14&" kWh → "&TEXT(F14,"#,##0")&" đ"&CHAR(10)&IF($B$10="Chia hết hóa đơn theo tỷ lệ dùng","(Chia hóa đơn điện lực "&TEXT($B$4,"#,##0")&" đ theo tỷ lệ: phòng dùng "&E14&" / tổng các phòng "&TEXT($B$7,"#,##0")&" kWh; làm tròn xuống 100 đ)","(Hóa đơn điện lực tháng: "&TEXT($B$4,"#,##0")&" đ / "&TEXT($B$5,"#,##0")&" kWh = "&TEXT($B$6,"#,##0")&" đ/kWh bình quân; làm tròn xuống 100 đ)"))
E15: =IF(OR(C15="",D15=""),0,IFERROR(MAX(0,D15-C15),0)) | F15: =IF(OR(E15=0,NOT(OR(A15<>"",B15<>""))),0,IF($B$10="Chia hết hóa đơn theo tỷ lệ dùng",IF($B$7>0,ROUNDDOWN(N($B$4)*E15/$B$7,-2),0),ROUNDDOWN(E15*$B$6,-2))) | G15: =IF(OR(A15="",$B$4<=0,LEFT($B$9,4)<>"ĐÚNG"),"","Phòng "&A15&" – tháng "&$B$3&CHAR(10)&"Điện: "&TEXT(C15,"#,##0")&" → "&TEXT(D15,"#,##0")&" = "&E15&" kWh → "&TEXT(F15,"#,##0")&" đ"&CHAR(10)&IF($B$10="Chia hết hóa đơn theo tỷ lệ dùng","(Chia hóa đơn điện lực "&TEXT($B$4,"#,##0")&" đ theo tỷ lệ: phòng dùng "&E15&" / tổng các phòng "&TEXT($B$7,"#,##0")&" kWh; làm tròn xuống 100 đ)","(Hóa đơn điện lực tháng: "&TEXT($B$4,"#,##0")&" đ / "&TEXT($B$5,"#,##0")&" kWh = "&TEXT($B$6,"#,##0")&" đ/kWh bình quân; làm tròn xuống 100 đ)"))
E16: =IF(OR(C16="",D16=""),0,IFERROR(MAX(0,D16-C16),0)) | F16: =IF(OR(E16=0,NOT(OR(A16<>"",B16<>""))),0,IF($B$10="Chia hết hóa đơn theo tỷ lệ dùng",IF($B$7>0,ROUNDDOWN(N($B$4)*E16/$B$7,-2),0),ROUNDDOWN(E16*$B$6,-2))) | G16: =IF(OR(A16="",$B$4<=0,LEFT($B$9,4)<>"ĐÚNG"),"","Phòng "&A16&" – tháng "&$B$3&CHAR(10)&"Điện: "&TEXT(C16,"#,##0")&" → "&TEXT(D16,"#,##0")&" = "&E16&" kWh → "&TEXT(F16,"#,##0")&" đ"&CHAR(10)&IF($B$10="Chia hết hóa đơn theo tỷ lệ dùng","(Chia hóa đơn điện lực "&TEXT($B$4,"#,##0")&" đ theo tỷ lệ: phòng dùng "&E16&" / tổng các phòng "&TEXT($B$7,"#,##0")&" kWh; làm tròn xuống 100 đ)","(Hóa đơn điện lực tháng: "&TEXT($B$4,"#,##0")&" đ / "&TEXT($B$5,"#,##0")&" kWh = "&TEXT($B$6,"#,##0")&" đ/kWh bình quân; làm tròn xuống 100 đ)"))
E17: =IF(OR(C17="",D17=""),0,IFERROR(MAX(0,D17-C17),0)) | F17: =IF(OR(E17=0,NOT(OR(A17<>"",B17<>""))),0,IF($B$10="Chia hết hóa đơn theo tỷ lệ dùng",IF($B$7>0,ROUNDDOWN(N($B$4)*E17/$B$7,-2),0),ROUNDDOWN(E17*$B$6,-2))) | G17: =IF(OR(A17="",$B$4<=0,LEFT($B$9,4)<>"ĐÚNG"),"","Phòng "&A17&" – tháng "&$B$3&CHAR(10)&"Điện: "&TEXT(C17,"#,##0")&" → "&TEXT(D17,"#,##0")&" = "&E17&" kWh → "&TEXT(F17,"#,##0")&" đ"&CHAR(10)&IF($B$10="Chia hết hóa đơn theo tỷ lệ dùng","(Chia hóa đơn điện lực "&TEXT($B$4,"#,##0")&" đ theo tỷ lệ: phòng dùng "&E17&" / tổng các phòng "&TEXT($B$7,"#,##0")&" kWh; làm tròn xuống 100 đ)","(Hóa đơn điện lực tháng: "&TEXT($B$4,"#,##0")&" đ / "&TEXT($B$5,"#,##0")&" kWh = "&TEXT($B$6,"#,##0")&" đ/kWh bình quân; làm tròn xuống 100 đ)"))
E18: =IF(OR(C18="",D18=""),0,IFERROR(MAX(0,D18-C18),0)) | F18: =IF(OR(E18=0,NOT(OR(A18<>"",B18<>""))),0,IF($B$10="Chia hết hóa đơn theo tỷ lệ dùng",IF($B$7>0,ROUNDDOWN(N($B$4)*E18/$B$7,-2),0),ROUNDDOWN(E18*$B$6,-2))) | G18: =IF(OR(A18="",$B$4<=0,LEFT($B$9,4)<>"ĐÚNG"),"","Phòng "&A18&" – tháng "&$B$3&CHAR(10)&"Điện: "&TEXT(C18,"#,##0")&" → "&TEXT(D18,"#,##0")&" = "&E18&" kWh → "&TEXT(F18,"#,##0")&" đ"&CHAR(10)&IF($B$10="Chia hết hóa đơn theo tỷ lệ dùng","(Chia hóa đơn điện lực "&TEXT($B$4,"#,##0")&" đ theo tỷ lệ: phòng dùng "&E18&" / tổng các phòng "&TEXT($B$7,"#,##0")&" kWh; làm tròn xuống 100 đ)","(Hóa đơn điện lực tháng: "&TEXT($B$4,"#,##0")&" đ / "&TEXT($B$5,"#,##0")&" kWh = "&TEXT($B$6,"#,##0")&" đ/kWh bình quân; làm tròn xuống 100 đ)"))
E19: =IF(OR(C19="",D19=""),0,IFERROR(MAX(0,D19-C19),0)) | F19: =IF(OR(E19=0,NOT(OR(A19<>"",B19<>""))),0,IF($B$10="Chia hết hóa đơn theo tỷ lệ dùng",IF($B$7>0,ROUNDDOWN(N($B$4)*E19/$B$7,-2),0),ROUNDDOWN(E19*$B$6,-2))) | G19: =IF(OR(A19="",$B$4<=0,LEFT($B$9,4)<>"ĐÚNG"),"","Phòng "&A19&" – tháng "&$B$3&CHAR(10)&"Điện: "&TEXT(C19,"#,##0")&" → "&TEXT(D19,"#,##0")&" = "&E19&" kWh → "&TEXT(F19,"#,##0")&" đ"&CHAR(10)&IF($B$10="Chia hết hóa đơn theo tỷ lệ dùng","(Chia hóa đơn điện lực "&TEXT($B$4,"#,##0")&" đ theo tỷ lệ: phòng dùng "&E19&" / tổng các phòng "&TEXT($B$7,"#,##0")&" kWh; làm tròn xuống 100 đ)","(Hóa đơn điện lực tháng: "&TEXT($B$4,"#,##0")&" đ / "&TEXT($B$5,"#,##0")&" kWh = "&TEXT($B$6,"#,##0")&" đ/kWh bình quân; làm tròn xuống 100 đ)"))
E20: =IF(OR(C20="",D20=""),0,IFERROR(MAX(0,D20-C20),0)) | F20: =IF(OR(E20=0,NOT(OR(A20<>"",B20<>""))),0,IF($B$10="Chia hết hóa đơn theo tỷ lệ dùng",IF($B$7>0,ROUNDDOWN(N($B$4)*E20/$B$7,-2),0),ROUNDDOWN(E20*$B$6,-2))) | G20: =IF(OR(A20="",$B$4<=0,LEFT($B$9,4)<>"ĐÚNG"),"","Phòng "&A20&" – tháng "&$B$3&CHAR(10)&"Điện: "&TEXT(C20,"#,##0")&" → "&TEXT(D20,"#,##0")&" = "&E20&" kWh → "&TEXT(F20,"#,##0")&" đ"&CHAR(10)&IF($B$10="Chia hết hóa đơn theo tỷ lệ dùng","(Chia hóa đơn điện lực "&TEXT($B$4,"#,##0")&" đ theo tỷ lệ: phòng dùng "&E20&" / tổng các phòng "&TEXT($B$7,"#,##0")&" kWh; làm tròn xuống 100 đ)","(Hóa đơn điện lực tháng: "&TEXT($B$4,"#,##0")&" đ / "&TEXT($B$5,"#,##0")&" kWh = "&TEXT($B$6,"#,##0")&" đ/kWh bình quân; làm tròn xuống 100 đ)"))
E21: =IF(OR(C21="",D21=""),0,IFERROR(MAX(0,D21-C21),0)) | F21: =IF(OR(E21=0,NOT(OR(A21<>"",B21<>""))),0,IF($B$10="Chia hết hóa đơn theo tỷ lệ dùng",IF($B$7>0,ROUNDDOWN(N($B$4)*E21/$B$7,-2),0),ROUNDDOWN(E21*$B$6,-2))) | G21: =IF(OR(A21="",$B$4<=0,LEFT($B$9,4)<>"ĐÚNG"),"","Phòng "&A21&" – tháng "&$B$3&CHAR(10)&"Điện: "&TEXT(C21,"#,##0")&" → "&TEXT(D21,"#,##0")&" = "&E21&" kWh → "&TEXT(F21,"#,##0")&" đ"&CHAR(10)&IF($B$10="Chia hết hóa đơn theo tỷ lệ dùng","(Chia hóa đơn điện lực "&TEXT($B$4,"#,##0")&" đ theo tỷ lệ: phòng dùng "&E21&" / tổng các phòng "&TEXT($B$7,"#,##0")&" kWh; làm tròn xuống 100 đ)","(Hóa đơn điện lực tháng: "&TEXT($B$4,"#,##0")&" đ / "&TEXT($B$5,"#,##0")&" kWh = "&TEXT($B$6,"#,##0")&" đ/kWh bình quân; làm tròn xuống 100 đ)"))
E22: =IF(OR(C22="",D22=""),0,IFERROR(MAX(0,D22-C22),0)) | F22: =IF(OR(E22=0,NOT(OR(A22<>"",B22<>""))),0,IF($B$10="Chia hết hóa đơn theo tỷ lệ dùng",IF($B$7>0,ROUNDDOWN(N($B$4)*E22/$B$7,-2),0),ROUNDDOWN(E22*$B$6,-2))) | G22: =IF(OR(A22="",$B$4<=0,LEFT($B$9,4)<>"ĐÚNG"),"","Phòng "&A22&" – tháng "&$B$3&CHAR(10)&"Điện: "&TEXT(C22,"#,##0")&" → "&TEXT(D22,"#,##0")&" = "&E22&" kWh → "&TEXT(F22,"#,##0")&" đ"&CHAR(10)&IF($B$10="Chia hết hóa đơn theo tỷ lệ dùng","(Chia hóa đơn điện lực "&TEXT($B$4,"#,##0")&" đ theo tỷ lệ: phòng dùng "&E22&" / tổng các phòng "&TEXT($B$7,"#,##0")&" kWh; làm tròn xuống 100 đ)","(Hóa đơn điện lực tháng: "&TEXT($B$4,"#,##0")&" đ / "&TEXT($B$5,"#,##0")&" kWh = "&TEXT($B$6,"#,##0")&" đ/kWh bình quân; làm tròn xuống 100 đ)"))
E23: =IF(OR(C23="",D23=""),0,IFERROR(MAX(0,D23-C23),0)) | F23: =IF(OR(E23=0,NOT(OR(A23<>"",B23<>""))),0,IF($B$10="Chia hết hóa đơn theo tỷ lệ dùng",IF($B$7>0,ROUNDDOWN(N($B$4)*E23/$B$7,-2),0),ROUNDDOWN(E23*$B$6,-2))) | G23: =IF(OR(A23="",$B$4<=0,LEFT($B$9,4)<>"ĐÚNG"),"","Phòng "&A23&" – tháng "&$B$3&CHAR(10)&"Điện: "&TEXT(C23,"#,##0")&" → "&TEXT(D23,"#,##0")&" = "&E23&" kWh → "&TEXT(F23,"#,##0")&" đ"&CHAR(10)&IF($B$10="Chia hết hóa đơn theo tỷ lệ dùng","(Chia hóa đơn điện lực "&TEXT($B$4,"#,##0")&" đ theo tỷ lệ: phòng dùng "&E23&" / tổng các phòng "&TEXT($B$7,"#,##0")&" kWh; làm tròn xuống 100 đ)","(Hóa đơn điện lực tháng: "&TEXT($B$4,"#,##0")&" đ / "&TEXT($B$5,"#,##0")&" kWh = "&TEXT($B$6,"#,##0")&" đ/kWh bình quân; làm tròn xuống 100 đ)"))
E24: =IF(OR(C24="",D24=""),0,IFERROR(MAX(0,D24-C24),0)) | F24: =IF(OR(E24=0,NOT(OR(A24<>"",B24<>""))),0,IF($B$10="Chia hết hóa đơn theo tỷ lệ dùng",IF($B$7>0,ROUNDDOWN(N($B$4)*E24/$B$7,-2),0),ROUNDDOWN(E24*$B$6,-2))) | G24: =IF(OR(A24="",$B$4<=0,LEFT($B$9,4)<>"ĐÚNG"),"","Phòng "&A24&" – tháng "&$B$3&CHAR(10)&"Điện: "&TEXT(C24,"#,##0")&" → "&TEXT(D24,"#,##0")&" = "&E24&" kWh → "&TEXT(F24,"#,##0")&" đ"&CHAR(10)&IF($B$10="Chia hết hóa đơn theo tỷ lệ dùng","(Chia hóa đơn điện lực "&TEXT($B$4,"#,##0")&" đ theo tỷ lệ: phòng dùng "&E24&" / tổng các phòng "&TEXT($B$7,"#,##0")&" kWh; làm tròn xuống 100 đ)","(Hóa đơn điện lực tháng: "&TEXT($B$4,"#,##0")&" đ / "&TEXT($B$5,"#,##0")&" kWh = "&TEXT($B$6,"#,##0")&" đ/kWh bình quân; làm tròn xuống 100 đ)"))
E25: =IF(OR(C25="",D25=""),0,IFERROR(MAX(0,D25-C25),0)) | F25: =IF(OR(E25=0,NOT(OR(A25<>"",B25<>""))),0,IF($B$10="Chia hết hóa đơn theo tỷ lệ dùng",IF($B$7>0,ROUNDDOWN(N($B$4)*E25/$B$7,-2),0),ROUNDDOWN(E25*$B$6,-2))) | G25: =IF(OR(A25="",$B$4<=0,LEFT($B$9,4)<>"ĐÚNG"),"","Phòng "&A25&" – tháng "&$B$3&CHAR(10)&"Điện: "&TEXT(C25,"#,##0")&" → "&TEXT(D25,"#,##0")&" = "&E25&" kWh → "&TEXT(F25,"#,##0")&" đ"&CHAR(10)&IF($B$10="Chia hết hóa đơn theo tỷ lệ dùng","(Chia hóa đơn điện lực "&TEXT($B$4,"#,##0")&" đ theo tỷ lệ: phòng dùng "&E25&" / tổng các phòng "&TEXT($B$7,"#,##0")&" kWh; làm tròn xuống 100 đ)","(Hóa đơn điện lực tháng: "&TEXT($B$4,"#,##0")&" đ / "&TEXT($B$5,"#,##0")&" kWh = "&TEXT($B$6,"#,##0")&" đ/kWh bình quân; làm tròn xuống 100 đ)"))
E26: =IF(OR(C26="",D26=""),0,IFERROR(MAX(0,D26-C26),0)) | F26: =IF(OR(E26=0,NOT(OR(A26<>"",B26<>""))),0,IF($B$10="Chia hết hóa đơn theo tỷ lệ dùng",IF($B$7>0,ROUNDDOWN(N($B$4)*E26/$B$7,-2),0),ROUNDDOWN(E26*$B$6,-2))) | G26: =IF(OR(A26="",$B$4<=0,LEFT($B$9,4)<>"ĐÚNG"),"","Phòng "&A26&" – tháng "&$B$3&CHAR(10)&"Điện: "&TEXT(C26,"#,##0")&" → "&TEXT(D26,"#,##0")&" = "&E26&" kWh → "&TEXT(F26,"#,##0")&" đ"&CHAR(10)&IF($B$10="Chia hết hóa đơn theo tỷ lệ dùng","(Chia hóa đơn điện lực "&TEXT($B$4,"#,##0")&" đ theo tỷ lệ: phòng dùng "&E26&" / tổng các phòng "&TEXT($B$7,"#,##0")&" kWh; làm tròn xuống 100 đ)","(Hóa đơn điện lực tháng: "&TEXT($B$4,"#,##0")&" đ / "&TEXT($B$5,"#,##0")&" kWh = "&TEXT($B$6,"#,##0")&" đ/kWh bình quân; làm tròn xuống 100 đ)"))
... E41: =IF(OR(C41="",D41=""),0,IFERROR(MAX(0,D41-C41),0)) | F41: =IF(OR(E41=0,NOT(OR(A41<>"",B41<>""))),0,IF($B$10="Chia hết hóa đơn theo tỷ lệ dùng",IF($B$7>0,ROUNDDOWN(N($B$4)*E41/$B$7,-2),0),ROUNDDOWN(E41*$B$6,-2))) | G41: =IF(OR(A41="",$B$4<=0,LEFT($B$9,4)<>"ĐÚNG"),"","Phòng "&A41&" – tháng "&$B$3&CHAR(10)&"Điện: "&TEXT(C41,"#,##0")&" → "&TEXT(D41,"#,##0")&" = "&E41&" kWh → "&TEXT(F41,"#,##0")&" đ"&CHAR(10)&IF($B$10="Chia hết hóa đơn theo tỷ lệ dùng","(Chia hóa đơn điện lực "&TEXT($B$4,"#,##0")&" đ theo tỷ lệ: phòng dùng "&E41&" / tổng các phòng "&TEXT($B$7,"#,##0")&" kWh; làm tròn xuống 100 đ)","(Hóa đơn điện lực tháng: "&TEXT($B$4,"#,##0")&" đ / "&TEXT($B$5,"#,##0")&" kWh = "&TEXT($B$6,"#,##0")&" đ/kWh bình quân; làm tròn xuống 100 đ)"))

Sheet Giấy báo
A1: GIẤY BÁO TỪNG PHÒNG – chép ô bên dưới gửi Zalo
A2: Ô trống = phòng trống, chưa nhập, hoặc tab 'Tính tiền' còn LỖI.
A3: ='Tính tiền'!G12
A4: ='Tính tiền'!G13
A5: ='Tính tiền'!G14
A6: ='Tính tiền'!G15
A7: ='Tính tiền'!G16
A8: ='Tính tiền'!G17
A9: ='Tính tiền'!G18
A10: ='Tính tiền'!G19
A11: ='Tính tiền'!G20
A12: ='Tính tiền'!G21
A13: ='Tính tiền'!G22
A14: ='Tính tiền'!G23
... A32: ='Tính tiền'!G41

Sheet Cài đặt
A1: CÀI ĐẶT
A3: Tên nhà trọ | B3: Nhà trọ mẫu
A7: Cách chia điện đặt ở phía trên tab 'Tính tiền'.
